company,title,batch,category,location,salary,stipend,experience,degree,skills,posted_at,first_seen_at,url
Eargs Learning institute,Data Science Internship,2026,Data & ML/AI,"Thane, Kalyan",,,0-1 Yr,,Python,,2026-10-03T17:00:04Z,https://unstop.com/internships/data-science-internship-eargs-learning-institute-1733175
Mellow Vault,Junior Full Stack Developer,2026,Software,Noida,,"₹400,000/annually",0-1 Yr,,Python; Java; TypeScript; JavaScript; React; Node.js; Git; PostgreSQL,,2026-10-03T17:00:04Z,https://unstop.com/jobs/junior-full-stack-developer-mellow-vault-1761395
ResuPulse,Full Stack Engineer,2026,Software,India,,"₹500,000/annually",,B.Tech/BS,TypeScript; JavaScript; SQL; LLMs; React; Git; MongoDB,,2026-10-03T17:00:04Z,https://unstop.com/jobs/full-stack-engineer-resupulse-1717891
Mybytes Technologies,Junior Software Engineer,2026,Software,Gurgaon,,,,,,,2026-10-03T14:05:49Z,https://unstop.com/jobs/junior-software-engineer-mybytes-technologies-1740011
Shell,Associate QA Analyst - Endur,new_grad,Other,Bangalore RMZ-ECO WORLD,,,,B.Tech/BS,Java; SQL; Azure,2026-10-02T00:00:00Z,2026-10-03T17:00:04Z,https://shell.wd3.myworkdayjobs.com/ShellCareers/job/Bangalore-RMZ-ECO-WORLD/Associate-QA-Analyst---Endur_R208390-1
Cigna Group,Automation Engineer Associate Analyst,new_grad,Software,"Bengaluru, India",,,,B.Tech/BS,Python; C#; Azure,2026-10-01T00:00:00Z,2026-10-03T14:05:49Z,https://cigna.wd5.myworkdayjobs.com/cignacareers/job/Bengaluru-India/Automation-Engineer-Associate-Analyst_26012027
Amazon,"Software Development Engineer, Prime Video Live Events - Sports Data Platform",new_grad,Data & ML/AI,"Bengaluru, Karnataka, India",,,2+ Yrs,B.Tech/BS,,2026-09-30T00:00:00Z,2026-10-03T14:05:49Z,https://www.amazon.jobs/en/jobs/10565511/software-development-engineer-prime-video-live-events-sports-data-platform
Global Payments,Associate SDET Specialist,new_grad,Other,"PUNE, , INDIA",,,,B.Tech/BS,Java; SQL; AWS; GCP,2026-09-30T00:00:00Z,2026-10-03T14:05:49Z,https://tsys.wd1.myworkdayjobs.com/TSYS/job/PUNE--INDIA/Associate-SDET-Specialist_R0075179
Amazon,SDE I FTC,new_grad,Other,"Hyderabad, Telangana, India",,,,B.Tech/BS,,2026-09-29T00:00:00Z,2026-10-03T17:00:04Z,https://www.amazon.jobs/en/jobs/10563602/sde-i-ftc
PTC,Associate Software Analyst,new_grad,Software,"Pune, India",,,,B.Tech/BS,,2026-09-29T00:00:00Z,2026-10-03T14:05:49Z,https://ptc.wd1.myworkdayjobs.com/ptc/job/Pune-India/Associate-Software-Analyst_JR112163
Cohere Health,Associate Software Engineer,new_grad,Software,"Hyderabad, Telangana, India",,,,B.Tech/BS,Python; Java; TypeScript; JavaScript; LLMs; React; AWS; Azure,2026-09-28T10:26:25-04:00,2026-10-03T14:05:49Z,https://job-boards.greenhouse.io/coherehealth/jobs/7728230003
Amazon,"SDE-I, Rewards",new_grad,Other,"Gurugram, Haryana, India",,,,B.Tech/BS,Python; Java; C++,2026-09-22T00:00:00Z,2026-10-03T17:00:04Z,https://www.amazon.jobs/en/jobs/10555910/sde-i-rewards
Netomi,Data Engineer I,new_grad,Data & ML/AI,Remote - India,,,2+ Yrs,B.Tech/BS,Python; SQL; LLMs; AWS; GCP; Kubernetes; Docker; Kafka,2026-09-21T12:58:12Z,2026-10-03T17:00:04Z,https://jobs.lever.co/netomi/02b45afd-5a49-41b2-a244-b0ca76306692
Priceline,Associate Software Engineer,new_grad,Software,Mumbai,,,2+ Yrs,B.Tech/BS,Python; Java; TypeScript; LLMs,2026-09-21T00:00:00Z,2026-10-03T14:05:49Z,https://priceline.wd1.myworkdayjobs.com/Priceline/job/Mumbai/Associate-Software-Engineer_R5715
Amazon,"SDE-1, Expansions Tech and Product",new_grad,Other,"Hyderabad, Telangana, India",,,,B.Tech/BS,,2026-09-18T00:00:00Z,2026-10-03T17:00:04Z,https://www.amazon.jobs/en/jobs/10553343/sde-1-expansions-tech-and-product
Aera Technology,"Associate Data Scientist – Modeling, Analytics & Pipelines",new_grad,Data & ML/AI,"Pune, India",,,,B.Tech/BS,Python; SQL; PyTorch; TensorFlow; Pandas; AWS; GCP; Azure,2026-09-17T08:47:49Z,2026-10-03T17:00:04Z,https://jobs.lever.co/aeratechnology/4860f299-72d8-41d5-97ff-ae063765f617
Amazon,Software Dev Engineer I FTC,new_grad,Software,"Bengaluru, Karnataka, India",,,,B.Tech/BS,,2026-09-17T00:00:00Z,2026-10-03T17:00:04Z,https://www.amazon.jobs/en/jobs/10551515/software-dev-engineer-i-ftc
Cohere Health,Associate SDET Engineer,new_grad,Software,"Hyderabad, Telangana, India",,,,,TypeScript; AWS; Git,2026-09-16T09:29:52-04:00,2026-10-03T14:05:49Z,https://job-boards.greenhouse.io/coherehealth/jobs/7693298003
R1 RCM,Software Engineer I,new_grad,Software,"Noida, India",,,,B.Tech/BS,C#; JavaScript; SQL; LLMs; React; .NET; GCP; Azure,2026-08-28T00:00:00Z,2026-10-03T17:00:04Z,https://r1rcm.wd1.myworkdayjobs.com/R1RCM/job/Noida-India/Software-Engineer-I_R260000005491
AiPrise,"Software Engineer I (Bangalore, India)",new_grad,Software,Bengaluru,₹15L – ₹30L • Offers Bonus,,2+ Yrs,B.Tech/BS,Python; Java; TypeScript; React; Node.js; AWS; Kubernetes; Docker,2026-08-24T19:35:25.230+00:00,2026-10-03T14:05:49Z,https://jobs.ashbyhq.com/aiprise/3763c791-a387-4078-9ca4-00cbfbf9b1a6
Ema,AI/Data Resident,new_grad,Data & ML/AI,India - remote,,,,B.Tech/BS,Python; SQL; PyTorch; TensorFlow; LLMs,2026-08-24T04:11:39.964+00:00,2026-10-03T14:05:49Z,https://jobs.ashbyhq.com/ema/e0511c0c-998f-4079-b62c-d2f164bf2c86
ReliaQuest,Associate Software Engineer,new_grad,Software,Pune India Office,,,0-1 Yr,,Java; TensorFlow; React; Angular; Spring; AWS; GCP; Azure,2026-08-19T00:00:00Z,2026-10-03T14:05:49Z,https://reliaquest.wd5.myworkdayjobs.com/ReliaQuest_Careers/job/Pune-India-Office/Associate-Software-Engineer_R15032
AspenTech,Software Quality Engineer I,new_grad,Software,Noida,,,,B.Tech/BS,Python; SQL; Linux; Git; MongoDB,2026-07-07T00:00:00Z,2026-10-03T17:00:04Z,https://aspentech.wd5.myworkdayjobs.com/aspentech/job/Noida/Software-Quality-Engineer-I_R9206
Varex Imaging Corporation,Applications System Engineer,new_grad,Software,Pune,,,,B.Tech/BS,,2026-06-09T00:00:00Z,2026-10-03T17:00:04Z,https://vareximaging.wd103.myworkdayjobs.com/External_Career_Site/job/Pune/Applications-System-Engineer_R0004962
Silicon Laboratories,Engineer I - Software QA,new_grad,Software,Hyderabad,,,,B.Tech/BS,Python,2026-02-17T00:00:00Z,2026-10-03T17:00:04Z,https://silabs.wd1.myworkdayjobs.com/SiliconlabsCareers/job/Hyderabad/Engineer-I---Software-QA_20641-1
Mykaarma,Software Developer I,new_grad,Software,"NOIDA, India",,,,,,,2026-10-03T17:00:04Z,https://ats.rippling.com/mykaarma/jobs/854ee9f5-885b-4c76-8e6f-0330a11cdc54
Mellow Vault,Software Developer,new_grad,Software,Noida,,"₹400,000/annually",,,Python; Java; C++; TypeScript; JavaScript; SQL; React; Node.js,,2026-10-03T17:00:04Z,https://unstop.com/jobs/software-developer-fresher-mellow-vault-1760714
Neugence Technology,Founding Software Engineer,new_grad,Software,India,,"₹1,000,000/annually",0-1 Yr,B.Tech/BS,Git,,2026-10-03T17:00:04Z,https://unstop.com/jobs/founding-software-engineer-neugence-technology-1758496
vishenera.com,Software Engineer,new_grad,Software,Varanasi,,"₹240,000/annually",0-1 Yr,B.Tech/BS,,,2026-10-03T17:00:04Z,https://unstop.com/jobs/software-engineer-visheneracom-1739954
404Minds Technologies,Software Developer Engineer,new_grad,Software,India,,"₹450,000/annually",0-1 Yr,,Python; Java,,2026-10-03T17:00:04Z,https://unstop.com/jobs/software-developer-engineer-404minds-technologies-1749799
Opticent Private limited,Full Stack Software Engineer,new_grad,Software,Bangalore,,"₹20,000/monthly",0-1 Yr,B.Tech/BS,Python; Java; JavaScript; SQL; React; Node.js; Angular; Vue,,2026-10-03T17:00:04Z,https://unstop.com/jobs/full-stack-software-engineer-opticent-private-limited-1755875
Maytrixtech,Software Engineer,new_grad,Software,Bangalore,,"₹400,000/annually",0-1 Yr,B.Tech/BS,,,2026-10-03T17:00:04Z,https://unstop.com/jobs/software-engineer-maytrixtech-1731296
Aastra Technologies,Software Developer,new_grad,Software,Chennai,,"₹250,000/annually",0-1 Yr,,Python; Java; C++; C#; JavaScript; SQL; React; Git,,2026-10-03T17:00:04Z,https://unstop.com/jobs/software-developer-aastra-technologies-1715350
InnovalQ Technologies,Data Analyst,new_grad,Data & ML/AI,Coimbatore,,"₹1,500,000/annually",0-1 Yr,B.Tech/BS,Python; SQL; Tableau,,2026-10-03T17:00:04Z,https://unstop.com/jobs/data-analyst-innovalq-technologies-1758127
Wikasta Business and Technical Solutions Pvt. Ltd.,Data Analyst,new_grad,Data & ML/AI,India,,"₹540,000/annually",0-1 Yr,,Python; SQL,,2026-10-03T17:00:04Z,https://unstop.com/jobs/data-analyst-wikasta-business-and-technical-solutions-pvt-ltd-1747446
UpForge,Data Analyst,new_grad,Data & ML/AI,India,,"₹800,000/annually",0-1 Yr,,Python; SQL,,2026-10-03T17:00:04Z,https://unstop.com/jobs/data-analyst-upforge-1748321
UpForge,AI & Machine Learning Associate,new_grad,Data & ML/AI,India,,"₹800,000/annually",0-1 Yr,B.Tech/BS,Python,,2026-10-03T17:00:04Z,https://unstop.com/jobs/ai-machine-learning-associate-upforge-1748329
KGP Talkie,Machine Learning Engineer,new_grad,Data & ML/AI,India,,"₹800,000/annually",0-1 Yr,B.Tech/BS,Python; SQL; PyTorch; TensorFlow; scikit-learn; Pandas; Git,,2026-10-03T17:00:04Z,https://unstop.com/jobs/machine-learning-engineer-kgp-talkie-1729085
Izeon Innovative Pvt. Ltd.,Machine Learning Engineer,new_grad,Data & ML/AI,Chennai,,,0-1 Yr,,Python; SQL; PyTorch; TensorFlow; scikit-learn; AWS; GCP; Azure,,2026-10-03T17:00:04Z,https://unstop.com/jobs/machine-learning-engineer-izeon-innovative-pvt-ltd-1372195
Maytrixtech,Full Stack Developer,new_grad,Software,India,,,0-1 Yr,,,,2026-10-03T17:00:04Z,https://unstop.com/internships/software-engineer-internship-maytrixtech-1746114
SmaranAI.in,Junior Full Stack & GenAI Developer Internship,new_grad,Software,India,,,,,JavaScript; LLMs; React; Git,,2026-10-03T17:00:04Z,https://unstop.com/internships/junior-full-stack-genai-developer-internship-smaranaiin-1751238
Architech Labs,Full Stack Developer,new_grad,Software,Gurgaon,,"₹25,000/monthly",0-1 Yr,,Python; TypeScript; JavaScript; SQL; Node.js; Django; Flask; AWS,,2026-10-03T17:00:04Z,https://unstop.com/jobs/full-stack-developer-architech-labs-1748609
Valoron Consulting,Full Stack Developer,new_grad,Software,India,,"₹20,000/monthly",0-1 Yr,B.Tech/BS,React; Git; PostgreSQL,,2026-10-03T17:00:04Z,https://unstop.com/jobs/full-stack-developer-valoron-consulting-1724896
SG Technologies,Full Stack Web Developer,new_grad,Software,Visakhapatnam,,"₹35,000/monthly",0-1 Yr,B.Tech/BS,Python; TypeScript; JavaScript; React; Node.js; Angular; Vue; Django,,2026-10-03T17:00:04Z,https://unstop.com/jobs/full-stack-web-developer-sg-technologies-1720299
Bluebrain Solutions,Frontend Developer,new_grad,Software,India,,"₹300,000/annually",0-1 Yr,,JavaScript; React; Angular,,2026-10-03T17:00:04Z,https://unstop.com/jobs/frontend-developer-bluebrain-solutions-1049565
Xi Technologies Pvt. Ltd.,Frontend Developer,new_grad,Software,Kolkata,,,0-1 Yr,B.Tech/BS,JavaScript; React; Vue,,2026-10-03T17:00:04Z,https://unstop.com/jobs/frontend-developer-xi-technologies-pvt-ltd-1525408
BlueLearn,Frontend Developer,new_grad,Software,Bangalore,,"₹1,000,000/annually",2+ Yrs,B.Tech/BS,TypeScript; React; AWS,,2026-10-03T17:00:04Z,https://unstop.com/jobs/frontend-developer-bluelearn-782522
Pivotor AI,AI Frontend Engineer,new_grad,Data & ML/AI,Hyderabad,,"₹400,000/annually",,,TypeScript; JavaScript; LLMs; React,,2026-10-03T17:00:04Z,https://unstop.com/jobs/ai-frontend-engineer-pivotor-ai-1662855
Bhumaha Solutions,Angular Frontend Developer,new_grad,Software,Chennai,,,0-1 Yr,,TypeScript; JavaScript; Angular; Git,,2026-10-03T17:00:04Z,https://unstop.com/jobs/angular-frontend-developer-bhumaha-solutions-1598239
Flair Softwares Private Limited,Junior Software Developer,new_grad,Software,Ahmedabad,,,,,,,2026-10-03T14:05:49Z,https://unstop.com/jobs/junior-software-developer-flair-softwares-private-limited-1709167
Brained (AIAB Ventures Pvt Ltd),Junior Software Tester,new_grad,Software,Mumbai,,,,,,,2026-10-03T14:05:49Z,https://unstop.com/jobs/junior-software-tester-brained-aiab-ventures-pvt-ltd-1748905
Smartgrow Infotech,Associate Software Trainee Internship,new_grad,Software,Hyderabad,,,,,,,2026-10-03T14:05:49Z,https://unstop.com/internships/associate-software-trainee-internship-smartgrow-infotech-1757328
